timestamp,mmsi,lat,lon,sog,cog,length,width,shiptype,dist
2024-05-12 09:23:00,273332560,61.98235467146341,-6.523261094878049,12.93170731707317,188.40243902439025,105.0,20.0,Fishing vessel,970.74
2024-05-12 09:23:02,273332560,61.98223835710027,-6.52329569292683,12.927913279132792,188.3970189701897,105.0,20.0,Fishing vessel,960.54
2024-05-12 09:23:04,273332560,61.982122042737124,-6.52333029097561,12.924119241192413,188.39159891598916,105.0,20.0,Fishing vessel,950.34
2024-05-12 09:23:06,273332560,61.982005728373984,-6.523364889024391,12.920325203252032,188.3861788617886,105.0,20.0,Fishing vessel,940.14
2024-05-12 09:23:08,273332560,61.98188941401084,-6.523399487073171,12.916531165311653,188.38075880758808,105.0,20.0,Fishing vessel,929.94
2024-05-12 09:23:10,273332560,61.9817730996477,-6.523434085121951,12.912737127371274,188.37533875338752,105.0,20.0,Fishing vessel,919.73
2024-05-12 09:23:12,273332560,61.98165678528455,-6.523468683170732,12.908943089430894,188.369918699187,105.0,20.0,Fishing vessel,909.53
2024-05-12 09:23:14,273332560,61.98154047092141,-6.523503281219512,12.905149051490515,188.36449864498644,105.0,20.0,Fishing vessel,899.33
2024-05-12 09:23:16,273332560,61.98142415655826,-6.523537879268293,12.901355013550136,188.3590785907859,105.0,20.0,Fishing vessel,889.13
2024-05-12 09:23:18,273332560,61.98130784219512,-6.523572477317074,12.897560975609757,188.35365853658536,105.0,20.0,Fishing vessel,878.93
2024-05-12 09:23:20,273332560,61.981191527831974,-6.523607075365854,12.893766937669376,188.34823848238483,105.0,20.0,Fishing vessel,868.73
2024-05-12 09:23:22,273332560,61.981075213468834,-6.523641673414635,12.889972899728997,188.34281842818427,105.0,20.0,Fishing vessel,858.52
2024-05-12 09:23:24,273332560,61.980958899105694,-6.523676271463415,12.886178861788618,188.33739837398375,105.0,20.0,Fishing vessel,848.32
2024-05-12 09:23:26,273332560,61.98084258474255,-6.523710869512195,12.88238482384824,188.3319783197832,105.0,20.0,Fishing vessel,838.12
2024-05-12 09:23:28,273332560,61.98072627037941,-6.523745467560976,12.878590785907859,188.32655826558266,105.0,20.0,Fishing vessel,827.92
2024-05-12 09:23:30,273332560,61.98060995601626,-6.523780065609756,12.87479674796748,188.3211382113821,105.0,20.0,Fishing vessel,817.72
2024-05-12 09:23:32,273332560,61.98049364165312,-6.523814663658537,12.871002710027101,188.31571815718158,105.0,20.0,Fishing vessel,807.51
2024-05-12 09:23:34,273332560,61.98037732728997,-6.523849261707317,12.86720867208672,188.31029810298102,105.0,20.0,Fishing vessel,797.31
2024-05-12 09:23:36,273332560,61.98026101292683,-6.523883859756098,12.863414634146341,188.3048780487805,105.0,20.0,Fishing vessel,787.11
2024-05-12 09:23:38,273332560,61.980144698563684,-6.523918457804879,12.859620596205962,188.29945799457994,105.0,20.0,Fishing vessel,776.91
2024-05-12 09:23:40,273332560,61.980028384200544,-6.523953055853659,12.855826558265584,188.2940379403794,105.0,20.0,Fishing vessel,766.71
2024-05-12 09:23:42,273332560,61.9799120698374,-6.523987653902439,12.852032520325203,188.28861788617886,105.0,20.0,Fishing vessel,756.5
2024-05-12 09:23:44,273332560,61.97979575547426,-6.524022251951219,12.848238482384824,188.28319783197833,105.0,20.0,Fishing vessel,746.3
2024-05-12 09:23:46,273332560,61.97967944111111,-6.52405685,12.844444444444445,188.27777777777777,105.0,20.0,Fishing vessel,736.1
2024-05-12 09:23:48,273332560,61.97956312674797,-6.524091448048781,12.840650406504066,188.27235772357724,105.0,20.0,Fishing vessel,725.9
2024-05-12 09:23:50,273332560,61.97944681238482,-6.524126046097561,12.836856368563685,188.2669376693767,105.0,20.0,Fishing vessel,715.69
2024-05-12 09:23:52,273332560,61.97933049802168,-6.524160644146342,12.833062330623306,188.26151761517616,105.0,20.0,Fishing vessel,705.49
2024-05-12 09:23:54,273332560,61.979214183658534,-6.524195242195122,12.829268292682928,188.2560975609756,105.0,20.0,Fishing vessel,695.29
2024-05-12 09:23:56,273332560,61.979097869295394,-6.524229840243903,12.825474254742547,188.25067750677508,105.0,20.0,Fishing vessel,685.09
2024-05-12 09:23:58,273332560,61.97898155493225,-6.5242644382926835,12.821680216802168,188.24525745257452,105.0,20.0,Fishing vessel,674.88
2024-05-12 09:24:00,273332560,61.97886524056911,-6.524299036341463,12.817886178861789,188.239837398374,105.0,20.0,Fishing vessel,664.68
2024-05-12 09:24:02,273332560,61.97874892620596,-6.524333634390244,12.81409214092141,188.23441734417344,105.0,20.0,Fishing vessel,654.48
2024-05-12 09:24:04,273332560,61.97863261184282,-6.524368232439024,12.81029810298103,188.2289972899729,105.0,20.0,Fishing vessel,644.28
2024-05-12 09:24:06,273332560,61.97851629747967,-6.524402830487805,12.80650406504065,188.22357723577235,105.0,20.0,Fishing vessel,634.07
2024-05-12 09:24:08,273332560,61.97839998311653,-6.524437428536586,12.802710027100272,188.21815718157183,105.0,20.0,Fishing vessel,623.87
2024-05-12 09:24:10,273332560,61.978283668753384,-6.524472026585366,12.798915989159891,188.21273712737127,105.0,20.0,Fishing vessel,613.67
2024-05-12 09:24:12,273332560,61.978167354390244,-6.524506624634147,12.795121951219512,188.20731707317074,105.0,20.0,Fishing vessel,603.47
2024-05-12 09:24:14,273332560,61.9780510400271,-6.524541222682927,12.791327913279133,188.2018970189702,105.0,20.0,Fishing vessel,593.26
2024-05-12 09:24:16,273332560,61.97793472566396,-6.524575820731707,12.787533875338754,188.19647696476966,105.0,20.0,Fishing vessel,583.06
2024-05-12 09:24:18,273332560,61.97781841130082,-6.524610418780488,12.783739837398373,188.1910569105691,105.0,20.0,Fishing vessel,572.86
2024-05-12 09:24:20,273332560,61.97770209693767,-6.524645016829268,12.779945799457995,188.18563685636857,105.0,20.0,Fishing vessel,562.66
2024-05-12 09:24:22,273332560,61.97758578257453,-6.524679614878049,12.776151761517616,188.18021680216802,105.0,20.0,Fishing vessel,552.45
2024-05-12 09:24:24,273332560,61.97746946821138,-6.524714212926829,12.772357723577237,188.1747967479675,105.0,20.0,Fishing vessel,542.25
2024-05-12 09:24:26,273332560,61.97735315384824,-6.52474881097561,12.768563685636856,188.16937669376694,105.0,20.0,Fishing vessel,532.05
2024-05-12 09:24:28,273332560,61.977236839485094,-6.524783409024391,12.764769647696477,188.1639566395664,105.0,20.0,Fishing vessel,521.84
2024-05-12 09:24:30,273332560,61.977120525121954,-6.524818007073171,12.760975609756098,188.15853658536585,105.0,20.0,Fishing vessel,511.64
2024-05-12 09:24:32,273332560,61.97700421075881,-6.524852605121952,12.757181571815718,188.15311653116532,105.0,20.0,Fishing vessel,501.44
2024-05-12 09:24:34,273332560,61.97688789639567,-6.5248872031707315,12.753387533875339,188.14769647696477,105.0,20.0,Fishing vessel,491.24
2024-05-12 09:24:36,273332560,61.97677158203252,-6.524921801219512,12.74959349593496,188.14227642276424,105.0,20.0,Fishing vessel,481.03
2024-05-12 09:24:38,273332560,61.97665526766938,-6.524956399268293,12.74579945799458,188.13685636856368,105.0,20.0,Fishing vessel,470.83
2024-05-12 09:24:40,273332560,61.97653895330623,-6.524990997317073,12.7420054200542,188.13143631436316,105.0,20.0,Fishing vessel,460.63
2024-05-12 09:24:42,273332560,61.97642263894309,-6.525025595365854,12.738211382113821,188.1260162601626,105.0,20.0,Fishing vessel,450.42
2024-05-12 09:24:44,273332560,61.976306324579944,-6.525060193414634,12.734417344173442,188.12059620596207,105.0,20.0,Fishing vessel,440.22
2024-05-12 09:24:46,273332560,61.976190010216804,-6.525094791463415,12.730623306233063,188.11517615176152,105.0,20.0,Fishing vessel,430.02
2024-05-12 09:24:48,273332560,61.97607369585366,-6.525129389512196,12.726829268292683,188.109756097561,105.0,20.0,Fishing vessel,419.81
2024-05-12 09:24:50,273332560,61.97595738149052,-6.525163987560975,12.723035230352304,188.10433604336043,105.0,20.0,Fishing vessel,409.61
2024-05-12 09:24:52,273332560,61.97584106712737,-6.525198585609756,12.719241192411925,188.09891598915988,105.0,20.0,Fishing vessel,399.41
2024-05-12 09:24:54,273332560,61.97572475276423,-6.525233183658536,12.715447154471544,188.09349593495935,105.0,20.0,Fishing vessel,389.2
2024-05-12 09:24:56,273332560,61.97560843840108,-6.525267781707317,12.711653116531165,188.0880758807588,105.0,20.0,Fishing vessel,379.0
2024-05-12 09:24:58,273332560,61.97549212403794,-6.525302379756098,12.707859078590786,188.08265582655827,105.0,20.0,Fishing vessel,368.8
2024-05-12 09:25:00,273332560,61.975375809674794,-6.525336977804878,12.704065040650407,188.0772357723577,105.0,20.0,Fishing vessel,358.59
2024-05-12 09:25:02,273332560,61.975259495311654,-6.525371575853659,12.700271002710027,188.07181571815718,105.0,20.0,Fishing vessel,348.39
2024-05-12 09:25:04,273332560,61.97514318094851,-6.525406173902439,12.696476964769648,188.06639566395663,105.0,20.0,Fishing vessel,338.19
2024-05-12 09:25:06,273332560,61.97502686658537,-6.52544077195122,12.692682926829269,188.0609756097561,105.0,20.0,Fishing vessel,327.98
2024-05-12 09:25:08,273332560,61.97491055222222,-6.52547537,12.68888888888889,188.05555555555554,105.0,20.0,Fishing vessel,317.78
2024-05-12 09:25:10,273332560,61.97479423785908,-6.52550996804878,12.68509485094851,188.05013550135502,105.0,20.0,Fishing vessel,307.58
2024-05-12 09:25:12,273332560,61.97467792349593,-6.525544566097561,12.68130081300813,188.04471544715446,105.0,20.0,Fishing vessel,297.37
2024-05-12 09:25:14,273332560,61.97456160913279,-6.525579164146341,12.677506775067751,188.03929539295393,105.0,20.0,Fishing vessel,287.17
2024-05-12 09:25:16,273332560,61.97444529476965,-6.525613762195122,12.67371273712737,188.03387533875338,105.0,20.0,Fishing vessel,276.97
2024-05-12 09:25:18,273332560,61.974328980406504,-6.525648360243903,12.669918699186992,188.02845528455285,105.0,20.0,Fishing vessel,266.76
2024-05-12 09:25:20,273332560,61.974212666043364,-6.525682958292683,12.666124661246613,188.0230352303523,105.0,20.0,Fishing vessel,256.56
2024-05-12 09:25:22,273332560,61.97409635168022,-6.525717556341464,12.662330623306234,188.01761517615176,105.0,20.0,Fishing vessel,246.36
2024-05-12 09:25:24,273332560,61.97398003731708,-6.525752154390244,12.658536585365853,188.0121951219512,105.0,20.0,Fishing vessel,236.15
2024-05-12 09:25:26,273332560,61.97386372295393,-6.525786752439024,12.654742547425474,188.00677506775068,105.0,20.0,Fishing vessel,225.95
2024-05-12 09:25:28,273332560,61.97374740859079,-6.525821350487805,12.650948509485096,188.00135501355012,105.0,20.0,Fishing vessel,215.75
2024-05-12 09:25:30,273332560,61.97363109422764,-6.525855948536585,12.647154471544717,187.9959349593496,105.0,20.0,Fishing vessel,205.54
2024-05-12 09:25:32,273332560,61.9735147798645,-6.525890546585366,12.643360433604336,187.99051490514904,105.0,20.0,Fishing vessel,195.34
2024-05-12 09:25:34,273332560,61.973398465501354,-6.525925144634146,12.639566395663957,187.9850948509485,105.0,20.0,Fishing vessel,185.13
2024-05-12 09:25:36,273332560,61.973282151138214,-6.525959742682927,12.635772357723578,187.97967479674796,105.0,20.0,Fishing vessel,174.93
2024-05-12 09:25:38,273332560,61.97316583677507,-6.525994340731708,12.631978319783197,187.97425474254743,105.0,20.0,Fishing vessel,164.73
2024-05-12 09:25:40,273332560,61.97304952241193,-6.526028938780488,12.628184281842818,187.96883468834687,105.0,20.0,Fishing vessel,154.52
2024-05-12 09:25:42,273332560,61.97293320804878,-6.526063536829268,12.62439024390244,187.96341463414635,105.0,20.0,Fishing vessel,144.32
2024-05-12 09:25:44,273332560,61.97281689368564,-6.5260981348780485,12.62059620596206,187.9579945799458,105.0,20.0,Fishing vessel,134.12
2024-05-12 09:25:46,273332560,61.97270057932249,-6.526132732926829,12.61680216802168,187.95257452574526,105.0,20.0,Fishing vessel,123.91
2024-05-12 09:25:48,273332560,61.97258426495935,-6.52616733097561,12.613008130081301,187.9471544715447,105.0,20.0,Fishing vessel,113.71
2024-05-12 09:25:50,273332560,61.972467950596204,-6.52620192902439,12.609214092140922,187.94173441734418,105.0,20.0,Fishing vessel,103.5
2024-05-12 09:25:52,273332560,61.972351636233064,-6.526236527073171,12.605420054200543,187.93631436314362,105.0,20.0,Fishing vessel,93.3
2024-05-12 09:25:54,273332560,61.97223532186992,-6.526271125121951,12.601626016260163,187.9308943089431,105.0,20.0,Fishing vessel,83.1
2024-05-12 09:25:56,273332560,61.97211900750678,-6.526305723170732,12.597831978319784,187.92547425474254,105.0,20.0,Fishing vessel,72.89
2024-05-12 09:25:58,273332560,61.97200269314363,-6.526340321219513,12.594037940379405,187.920054200542,105.0,20.0,Fishing vessel,62.69
2024-05-12 09:26:00,273332560,61.97188637878049,-6.526374919268292,12.590243902439024,187.91463414634146,105.0,20.0,Fishing vessel,52.49
2024-05-12 09:26:02,273332560,61.97177006441734,-6.526409517317073,12.586449864498645,187.90921409214093,105.0,20.0,Fishing vessel,42.28
2024-05-12 09:26:04,273332560,61.9716537500542,-6.5264441153658534,12.582655826558266,187.90379403794037,105.0,20.0,Fishing vessel,32.08
2024-05-12 09:26:06,273332560,61.971537435691054,-6.526478713414634,12.578861788617887,187.89837398373984,105.0,20.0,Fishing vessel,21.88
2024-05-12 09:26:08,273332560,61.971421121327914,-6.526513311463415,12.575067750677507,187.8929539295393,105.0,20.0,Fishing vessel,11.69
2024-05-12 09:26:10,273332560,61.97130480696477,-6.526547909512195,12.571273712737128,187.88753387533876,105.0,20.0,Fishing vessel,1.66
2024-05-12 09:26:12,273332560,61.97118849260163,-6.526582507560976,12.567479674796749,187.8821138211382,105.0,20.0,Fishing vessel,8.78
2024-05-12 09:26:14,273332560,61.97107217823849,-6.526617105609756,12.56368563685637,187.87669376693768,105.0,20.0,Fishing vessel,18.97
2024-05-12 09:26:16,273332560,61.97095586387534,-6.526651703658536,12.55989159891599,187.87127371273712,105.0,20.0,Fishing vessel,29.17
2024-05-12 09:26:18,273332560,61.9708395495122,-6.526686301707317,12.55609756097561,187.8658536585366,105.0,20.0,Fishing vessel,39.37
2024-05-12 09:26:20,273332560,61.97072323514905,-6.526720899756097,12.552303523035231,187.86043360433604,105.0,20.0,Fishing vessel,49.57
2024-05-12 09:26:22,273332560,61.97060692078591,-6.526755497804878,12.54850948509485,187.8550135501355,105.0,20.0,Fishing vessel,59.77
2024-05-12 09:26:24,273332560,61.970490606422764,-6.526790095853658,12.544715447154472,187.84959349593495,105.0,20.0,Fishing vessel,69.98
2024-05-12 09:26:26,273332560,61.970374292059624,-6.526824693902439,12.540921409214093,187.84417344173443,105.0,20.0,Fishing vessel,80.18
2024-05-12 09:26:28,273332560,61.97025797769648,-6.52685929195122,12.537127371273714,187.83875338753387,105.0,20.0,Fishing vessel,90.39
2024-05-12 09:26:30,273332560,61.97014166333334,-6.52689389,12.533333333333333,187.83333333333334,105.0,20.0,Fishing vessel,100.59
2024-05-12 09:26:32,273332560,61.97002534897019,-6.526928488048781,12.529539295392954,187.8279132791328,105.0,20.0,Fishing vessel,110.8
2024-05-12 09:26:34,273332560,61.96990903460705,-6.5269630860975605,12.525745257452575,187.82249322493226,105.0,20.0,Fishing vessel,121.0
2024-05-12 09:26:36,273332560,61.9697927202439,-6.526997684146341,12.521951219512196,187.8170731707317,105.0,20.0,Fishing vessel,131.2
2024-05-12 09:26:38,273332560,61.96967640588076,-6.527032282195122,12.518157181571816,187.81165311653118,105.0,20.0,Fishing vessel,141.41
2024-05-12 09:26:40,273332560,61.969560091517614,-6.527066880243902,12.514363143631437,187.80623306233062,105.0,20.0,Fishing vessel,151.61
2024-05-12 09:26:42,273332560,61.969443777154474,-6.527101478292683,12.510569105691058,187.8008130081301,105.0,20.0,Fishing vessel,161.82
2024-05-12 09:26:44,273332560,61.96932746279133,-6.527136076341463,12.506775067750677,187.79539295392954,105.0,20.0,Fishing vessel,172.02
2024-05-12 09:26:46,273332560,61.96921114842819,-6.527170674390244,12.502981029810298,187.789972899729,105.0,20.0,Fishing vessel,182.23
2024-05-12 09:26:48,273332560,61.96909483406504,-6.527205272439025,12.49918699186992,187.78455284552845,105.0,20.0,Fishing vessel,192.43
2024-05-12 09:26:50,273332560,61.9689785197019,-6.527239870487805,12.49539295392954,187.77913279132792,105.0,20.0,Fishing vessel,202.64
2024-05-12 09:26:52,273332560,61.96886220533875,-6.527274468536585,12.49159891598916,187.77371273712737,105.0,20.0,Fishing vessel,212.84
2024-05-12 09:26:54,273332560,61.96874589097561,-6.5273090665853655,12.487804878048781,187.76829268292684,105.0,20.0,Fishing vessel,223.05
2024-05-12 09:26:56,273332560,61.968629576612464,-6.527343664634146,12.484010840108402,187.76287262872629,105.0,20.0,Fishing vessel,233.25
2024-05-12 09:26:58,273332560,61.968513262249324,-6.527378262682927,12.480216802168023,187.75745257452576,105.0,20.0,Fishing vessel,243.46
2024-05-12 09:27:00,273332560,61.96839694788618,-6.527412860731707,12.476422764227642,187.7520325203252,105.0,20.0,Fishing vessel,253.66
2024-05-12 09:27:02,273332560,61.96828063352304,-6.527447458780488,12.472628726287263,187.74661246612467,105.0,20.0,Fishing vessel,263.87
2024-05-12 09:27:04,273332560,61.96816431915989,-6.527482056829268,12.468834688346885,187.74119241192412,105.0,20.0,Fishing vessel,274.07
2024-05-12 09:27:06,273332560,61.96804800479675,-6.527516654878049,12.465040650406504,187.7357723577236,105.0,20.0,Fishing vessel,284.28
2024-05-12 09:27:08,273332560,61.96793169043361,-6.527551252926829,12.461246612466125,187.73035230352303,105.0,20.0,Fishing vessel,294.48
2024-05-12 09:27:10,273332560,61.96781537607046,-6.527585850975609,12.457452574525746,187.7249322493225,105.0,20.0,Fishing vessel,304.69
2024-05-12 09:27:12,273332560,61.96769906170732,-6.52762044902439,12.453658536585367,187.71951219512195,105.0,20.0,Fishing vessel,314.89
2024-05-12 09:27:14,273332560,61.967582747344174,-6.5276550470731705,12.449864498644986,187.71409214092142,105.0,20.0,Fishing vessel,325.1
2024-05-12 09:27:16,273332560,61.967466432981034,-6.527689645121951,12.446070460704608,187.70867208672087,105.0,20.0,Fishing vessel,335.31
2024-05-12 09:27:18,273332560,61.96735011861789,-6.527724243170732,12.442276422764229,187.70325203252034,105.0,20.0,Fishing vessel,345.51
2024-05-12 09:27:20,273332560,61.96723380425475,-6.527758841219512,12.43848238482385,187.69783197831978,105.0,20.0,Fishing vessel,355.72
2024-05-12 09:27:22,273332560,61.9671174898916,-6.527793439268293,12.434688346883469,187.69241192411923,105.0,20.0,Fishing vessel,365.92
2024-05-12 09:27:24,273332560,61.96700117552846,-6.527828037317073,12.43089430894309,187.6869918699187,105.0,20.0,Fishing vessel,376.13
2024-05-12 09:27:26,273332560,61.96688486116531,-6.527862635365853,12.427100271002711,187.68157181571814,105.0,20.0,Fishing vessel,386.33
2024-05-12 09:27:28,273332560,61.96676854680217,-6.527897233414634,12.42330623306233,187.67615176151762,105.0,20.0,Fishing vessel,396.54
2024-05-12 09:27:30,273332560,61.966652232439024,-6.527931831463414,12.419512195121952,187.67073170731706,105.0,20.0,Fishing vessel,406.74
2024-05-12 09:27:32,273332560,61.966535918075884,-6.527966429512195,12.415718157181573,187.66531165311653,105.0,20.0,Fishing vessel,416.95
2024-05-12 09:27:34,273332560,61.96641960371274,-6.5280010275609754,12.411924119241194,187.65989159891598,105.0,20.0,Fishing vessel,427.16
2024-05-12 09:27:36,273332560,61.9663032893496,-6.528035625609756,12.408130081300813,187.65447154471545,105.0,20.0,Fishing vessel,437.36
2024-05-12 09:27:38,273332560,61.96618697498645,-6.528070223658537,12.404336043360434,187.6490514905149,105.0,20.0,Fishing vessel,447.57
2024-05-12 09:27:40,273332560,61.96607066062331,-6.528104821707317,12.400542005420055,187.64363143631437,105.0,20.0,Fishing vessel,457.77
2024-05-12 09:27:42,273332560,61.96595434626016,-6.528139419756097,12.396747967479676,187.6382113821138,105.0,20.0,Fishing vessel,467.98
2024-05-12 09:27:44,273332560,61.96583803189702,-6.5281740178048775,12.392953929539296,187.63279132791328,105.0,20.0,Fishing vessel,478.18
2024-05-12 09:27:46,273332560,61.965721717533874,-6.528208615853658,12.389159891598917,187.62737127371273,105.0,20.0,Fishing vessel,488.39
2024-05-12 09:27:48,273332560,61.965605403170734,-6.528243213902439,12.385365853658538,187.6219512195122,105.0,20.0,Fishing vessel,498.6
2024-05-12 09:27:50,273332560,61.96548908880759,-6.528277811951219,12.381571815718157,187.61653116531164,105.0,20.0,Fishing vessel,508.8
2024-05-12 09:27:52,273332560,61.96537277444445,-6.52831241,12.377777777777778,187.61111111111111,105.0,20.0,Fishing vessel,519.01
2024-05-12 09:27:54,273332560,61.9652564600813,-6.52834700804878,12.3739837398374,187.60569105691056,105.0,20.0,Fishing vessel,529.21
2024-05-12 09:27:56,273332560,61.96514014571816,-6.528381606097561,12.37018970189702,187.60027100271003,105.0,20.0,Fishing vessel,539.42
2024-05-12 09:27:58,273332560,61.96502383135501,-6.528416204146342,12.36639566395664,187.59485094850947,105.0,20.0,Fishing vessel,549.63
2024-05-12 09:28:00,273332560,61.96490751699187,-6.528450802195121,12.36260162601626,187.58943089430895,105.0,20.0,Fishing vessel,559.83
2024-05-12 09:28:02,273332560,61.964791202628724,-6.528485400243902,12.358807588075882,187.5840108401084,105.0,20.0,Fishing vessel,570.04
2024-05-12 09:28:04,273332560,61.964674888265584,-6.5285199982926825,12.355013550135501,187.57859078590786,105.0,20.0,Fishing vessel,580.24
2024-05-12 09:28:06,273332560,61.964558573902444,-6.528554596341463,12.351219512195122,187.5731707317073,105.0,20.0,Fishing vessel,590.45
2024-05-12 09:28:08,273332560,61.9644422595393,-6.528589194390244,12.347425474254743,187.56775067750678,105.0,20.0,Fishing vessel,600.66
2024-05-12 09:28:10,273332560,61.96432594517616,-6.528623792439024,12.343631436314364,187.56233062330622,105.0,20.0,Fishing vessel,610.86
2024-05-12 09:28:12,273332560,61.96420963081301,-6.528658390487805,12.339837398373984,187.5569105691057,105.0,20.0,Fishing vessel,621.07
2024-05-12 09:28:14,273332560,61.96409331644987,-6.528692988536585,12.336043360433605,187.55149051490514,105.0,20.0,Fishing vessel,631.27
2024-05-12 09:28:16,273332560,61.96397700208672,-6.528727586585365,12.332249322493226,187.5460704607046,105.0,20.0,Fishing vessel,641.48
2024-05-12 09:28:18,273332560,61.96386068772358,-6.528762184634146,12.328455284552847,187.54065040650406,105.0,20.0,Fishing vessel,651.69
2024-05-12 09:28:20,273332560,61.963744373360434,-6.528796782682926,12.324661246612466,187.53523035230353,105.0,20.0,Fishing vessel,661.89
2024-05-12 09:28:22,273332560,61.963628058997294,-6.528831380731707,12.320867208672087,187.52981029810297,105.0,20.0,Fishing vessel,672.1
2024-05-12 09:28:24,273332560,61.96351174463415,-6.5288659787804875,12.317073170731708,187.52439024390245,105.0,20.0,Fishing vessel,682.31
2024-05-12 09:28:26,273332560,61.96339543027101,-6.528900576829268,12.313279132791328,187.5189701897019,105.0,20.0,Fishing vessel,692.51
2024-05-12 09:28:28,273332560,61.96327911590786,-6.528935174878049,12.309485094850949,187.51355013550136,105.0,20.0,Fishing vessel,702.72
2024-05-12 09:28:30,273332560,61.96316280154472,-6.528969772926829,12.30569105691057,187.5081300813008,105.0,20.0,Fishing vessel,712.93
2024-05-12 09:28:32,273332560,61.96304648718157,-6.52900437097561,12.301897018970191,187.50271002710028,105.0,20.0,Fishing vessel,723.13
2024-05-12 09:28:34,273332560,61.96292865051282,-6.5290342126923075,12.296153846153846,187.46794871794873,105.0,20.0,Fishing vessel,733.27
2024-05-12 09:28:36,273332560,61.96280929153846,-6.529059298076922,12.288461538461538,187.40384615384616,105.0,20.0,Fishing vessel,743.35
2024-05-12 09:28:38,273332560,61.9626899325641,-6.529084383461538,12.28076923076923,187.3397435897436,105.0,20.0,Fishing vessel,753.43
2024-05-12 09:28:40,273332560,61.962570573589744,-6.529109468846154,12.273076923076923,187.27564102564102,105.0,20.0,Fishing vessel,763.51
2024-05-12 09:28:42,273332560,61.962451214615385,-6.529134554230769,12.265384615384615,187.21153846153845,105.0,20.0,Fishing vessel,773.59
2024-05-12 09:28:44,273332560,61.962331855641025,-6.529159639615385,12.257692307692308,187.14743589743588,105.0,20.0,Fishing vessel,783.67
2024-05-12 09:28:46,273332560,61.962212496666666,-6.5291847249999995,12.25,187.08333333333334,105.0,20.0,Fishing vessel,793.75
2024-05-12 09:28:48,273332560,61.96209313769231,-6.529209810384615,12.242307692307692,187.01923076923077,105.0,20.0,Fishing vessel,803.82
2024-05-12 09:28:50,273332560,61.96197377871795,-6.529234895769231,12.234615384615385,186.9551282051282,105.0,20.0,Fishing vessel,813.9
2024-05-12 09:28:52,273332560,61.96185441974359,-6.529259981153846,12.226923076923077,186.89102564102564,105.0,20.0,Fishing vessel,823.98
2024-05-12 09:28:54,273332560,61.961735060769236,-6.529285066538462,12.21923076923077,186.82692307692307,105.0,20.0,Fishing vessel,834.06
2024-05-12 09:28:56,273332560,61.96161570179488,-6.5293101519230765,12.211538461538462,186.76282051282053,105.0,20.0,Fishing vessel,844.14
2024-05-12 09:28:58,273332560,61.96149634282052,-6.529335237307692,12.203846153846154,186.69871794871796,105.0,20.0,Fishing vessel,854.22
2024-05-12 09:29:00,273332560,61.96137698384616,-6.529360322692307,12.196153846153846,186.6346153846154,105.0,20.0,Fishing vessel,864.3
